<?xml version="1.0" encoding="UTF-8"?>
<project-private xmlns="http://www.netbeans.org/ns/project-private/1">
    <editor-bookmarks xmlns="http://www.netbeans.org/ns/editor-bookmarks/2" lastBookmarkId="0"/>
    <open-files xmlns="http://www.netbeans.org/ns/projectui-open-files/2">
        <group>
            <file>file:/C:/Users/Irsyad/OneDrive/Documents/Kuliah/Semester%204/Analisa%20Algoritma/TugasPrakAlgoPert7/src/view/UI.java</file>
            <file>file:/C:/Users/Irsyad/OneDrive/Documents/Kuliah/Semester%204/Analisa%20Algoritma/TugasPrakAlgoPert7/src/model/movie.java</file>
            <file>file:/C:/Users/Irsyad/OneDrive/Documents/Kuliah/Semester%204/Analisa%20Algoritma/TugasPrakAlgoPert7/src/DAOMovie/movieDAO.java</file>
            <file>file:/C:/Users/Irsyad/OneDrive/Documents/Kuliah/Semester%204/Analisa%20Algoritma/TugasPrakAlgoPert7/src/connection/connector.java</file>
            <file>file:/C:/Users/Irsyad/OneDrive/Documents/Kuliah/Semester%204/Analisa%20Algoritma/TugasPrakAlgoPert7/src/controller/moviecontroller.java</file>
            <file>file:/C:/Users/Irsyad/OneDrive/Documents/Kuliah/Semester%204/Analisa%20Algoritma/TugasPrakAlgoPert7/src/view/Movie.java</file>
            <file>file:/C:/Users/Irsyad/OneDrive/Documents/Kuliah/Semester%204/Analisa%20Algoritma/TugasPrakAlgoPert7/src/DAOImplements/movieimplement.java</file>
            <file>file:/C:/Users/Irsyad/OneDrive/Documents/Kuliah/Semester%204/Analisa%20Algoritma/TugasPrakAlgoPert7/src/model/modeltable.java</file>
        </group>
    </open-files>
</project-private>
